{
  "predictions_csv": "outputs/global_model_accuracy_benchmark_origin_top350_v1/random_forest_raw_test_predictions.csv",
  "confidence_col": "raw_confidence",
  "label_col": "actual_label",
  "samples": 80640,
  "positive_rate": 0.056398809523809525,
  "min_count": 10,
  "step_percent": 5.0,
  "candidates": [
    {
      "name": "edge",
      "targets": [
        0.95,
        0.9,
        0.85,
        0.8,
        0.75,
        0.7,
        0.65,
        0.6,
        0.55,
        0.5,
        0.45,
        0.4,
        0.35,
        0.3,
        0.25,
        0.2,
        0.15,
        0.1,
        0.05
      ],
      "targets_text": "95,90,85,80,75,70,65,60,55,50,45,40,35,30,25,20,15,10,5",
      "target_bins_count": 19,
      "tail_bins_count": 1,
      "monotonic_nonincreasing_actual_rate": true,
      "target_bins_weighted_abs_gap": 0.0007427648506019117,
      "cumulative_weighted_abs_gap": 0.05359638560995645
    },
    {
      "name": "center",
      "targets": [
        0.975,
        0.925,
        0.875,
        0.825,
        0.775,
        0.725,
        0.675,
        0.625,
        0.575,
        0.525,
        0.475,
        0.425,
        0.375,
        0.325,
        0.275,
        0.225,
        0.175,
        0.125,
        0.075,
        0.025
      ],
      "targets_text": "97.5,92.5,87.5,82.5,77.5,72.5,67.5,62.5,57.5,52.5,47.5,42.5,37.5,32.5,27.5,22.5,17.5,12.5,7.5,2.5",
      "target_bins_count": 20,
      "tail_bins_count": 1,
      "monotonic_nonincreasing_actual_rate": true,
      "target_bins_weighted_abs_gap": 0.0010255603294929009,
      "cumulative_weighted_abs_gap": 0.05079202197409973
    }
  ],
  "selected": {
    "name": "center",
    "targets": [
      0.975,
      0.925,
      0.875,
      0.825,
      0.775,
      0.725,
      0.675,
      0.625,
      0.575,
      0.525,
      0.475,
      0.425,
      0.375,
      0.325,
      0.275,
      0.225,
      0.175,
      0.125,
      0.075,
      0.025
    ],
    "targets_text": "97.5,92.5,87.5,82.5,77.5,72.5,67.5,62.5,57.5,52.5,47.5,42.5,37.5,32.5,27.5,22.5,17.5,12.5,7.5,2.5",
    "target_bins_count": 20,
    "tail_bins_count": 1,
    "monotonic_nonincreasing_actual_rate": true,
    "target_bins_weighted_abs_gap": 0.0010255603294929009,
    "cumulative_weighted_abs_gap": 0.05079202197409973
  }
}