{
  "predictions_csv": "outputs/global_model_accuracy_benchmark_origin_top350_v1/random_forest_raw_test_predictions.csv",
  "confidence_col": "raw_confidence",
  "label_col": "actual_label",
  "samples": 80640,
  "positive_rate": 0.056398809523809525,
  "targets": [
    0.975,
    0.925,
    0.875,
    0.825,
    0.775,
    0.725,
    0.675,
    0.625,
    0.575,
    0.525,
    0.475,
    0.425,
    0.375,
    0.325,
    0.275,
    0.225,
    0.175,
    0.125,
    0.075,
    0.025
  ],
  "min_count": 10,
  "target_bins_count": 20,
  "tail_bin_count": 1,
  "target_bins_weighted_abs_gap": 0.0010255603294929009,
  "target_bins_monotonic_nonincreasing_actual_rate": true,
  "cumulative_weighted_abs_gap_to_target": 0.05079202197409973
}