model,raw_auc,raw_pr_auc,raw_logloss,raw_brier,raw_top_1pct_precision,raw_top_1pct_recall,raw_bestf1_precision,raw_bestf1_recall,raw_bestf1_f1,raw_bestf1_threshold,raw_recall_at_p70,raw_precision_at_p70_threshold,iso_auc,iso_pr_auc,iso_logloss,iso_brier,iso_top_1pct_precision,iso_top_1pct_recall,iso_bestf1_precision,iso_bestf1_recall,iso_bestf1_f1,iso_bestf1_threshold
histgb_global,0.813030782507367,0.2625593321447778,0.44982574039856205,0.15272495499921482,0.543424317617866,0.09630606860158311,0.2489310529128808,0.4096306068601583,0.30967420212765956,0.7008328256330413,0.00021987686895338611,1.0,0.8126187864470501,0.25201163280097905,0.17718202392382248,0.047205622875511034,0.5459057071960298,0.09674582233948989,0.24830339321357286,0.4102902374670185,0.30937577716985826,0.1605301914580265
random_forest_global,0.8066099976601023,0.2547894664497514,0.3491478956565598,0.10833480056123704,0.5446650124069479,0.0965259454705365,0.24439554394168614,0.3907211961301671,0.30070225907437176,0.5785674517556234,0.04727352682497801,0.6869009584664537,0.806350020107123,0.24380713851226798,0.17885799548442113,0.04748419521284662,0.5459057071960298,0.09674582233948989,0.24344978165938866,0.3922603342128408,0.30043785786460087,0.1637372802960222
xgboost_global,0.7896404790114047,0.23762166856534306,0.3649100067884616,0.11788716167211533,0.5173697270471465,0.09168865435356201,0.22129640975370665,0.3970976253298153,0.28420804154536156,0.6084534144401551,0.04331574318381706,0.6769759450171822,0.7890238430417357,0.22877348959879668,0.18318581426800024,0.04808272048830986,0.5186104218362283,0.0919085312225154,0.22153997298293013,0.3966578715919085,0.28429595776534555,0.1540130078792572
