{
  "build_config": {
    "history_days": 21,
    "min_days": 24,
    "train_ratio": 0.7,
    "calib_ratio": 0.15,
    "max_negative_gap": 2,
    "behavior_prior": 2.0,
    "user_group_count": 200
  },
  "day_stats": {
    "users_used": 319.0,
    "total_days": 15180.0,
    "active_days": 8874.0,
    "inferred_negative_days": 1987.0,
    "unknown_days": 4319.0,
    "unknown_ratio": 0.28451910408432146,
    "known_ratio": 0.7154808959156785
  },
  "results": [
    {
      "model": "histgb_global",
      "metrics_calib_raw": {
        "samples": 36144.0,
        "positive_rate": 0.052346170872067284,
        "auc": 0.7537934313614871,
        "pr_auc": 0.15055994323293462,
        "logloss": 0.46658762303197376,
        "brier": 0.1623775087632669,
        "top_0_5pct_precision": 0.3812154696132597,
        "top_1pct_precision": 0.33240997229916897,
        "top_2pct_precision": 0.2752420470262794,
        "top_0_5pct_recall": 0.03646934460887949,
        "top_1pct_recall": 0.06342494714587738,
        "top_2pct_recall": 0.10517970401691332
      },
      "metrics_test_raw": {
        "samples": 54960.0,
        "positive_rate": 0.05103711790393013,
        "auc": 0.7612460492864491,
        "pr_auc": 0.18442764789135124,
        "logloss": 0.4518986291292223,
        "brier": 0.15667887475196088,
        "top_0_5pct_precision": 0.5854545454545454,
        "top_1pct_precision": 0.43454545454545457,
        "top_2pct_precision": 0.31938125568698816,
        "top_0_5pct_recall": 0.057397504456327984,
        "top_1pct_recall": 0.08520499108734403,
        "top_2pct_recall": 0.12513368983957218
      },
      "calib_raw_best_f1": {
        "precision": 0.14986575543080302,
        "recall": 0.32452431289640593,
        "f1": 0.20504257805977624,
        "predicted_positive_rate": 0.11335214696768482,
        "tp": 614.0,
        "fp": 3483.0,
        "fn": 1278.0,
        "threshold": 0.6605686231043504
      },
      "test_raw_at_best_f1": {
        "precision": 0.15869017632241814,
        "recall": 0.3144385026737968,
        "f1": 0.21092909243094585,
        "predicted_positive_rate": 0.10112809315866085,
        "tp": 882.0,
        "fp": 4676.0,
        "fn": 1923.0,
        "threshold": 0.6605686231043504
      },
      "calib_raw_recall_p70": null,
      "test_raw_recall_p70": null,
      "metrics_calib_iso": {
        "samples": 36144.0,
        "positive_rate": 0.052346170872067284,
        "auc": 0.7561561195852454,
        "pr_auc": 0.1472779153297707,
        "logloss": 0.18162825849316744,
        "brier": 0.04693698053318341,
        "top_0_5pct_precision": 0.3812154696132597,
        "top_1pct_precision": 0.3379501385041551,
        "top_2pct_precision": 0.2752420470262794,
        "top_0_5pct_recall": 0.03646934460887949,
        "top_1pct_recall": 0.06448202959830866,
        "top_2pct_recall": 0.10517970401691332
      },
      "metrics_test_iso": {
        "samples": 54960.0,
        "positive_rate": 0.05103711790393013,
        "auc": 0.760495140718457,
        "pr_auc": 0.1694121444051839,
        "logloss": 0.17715490346227963,
        "brier": 0.04527638967216574,
        "top_0_5pct_precision": 0.5745454545454546,
        "top_1pct_precision": 0.4309090909090909,
        "top_2pct_precision": 0.31392174704276615,
        "top_0_5pct_recall": 0.056327985739750445,
        "top_1pct_recall": 0.08449197860962566,
        "top_2pct_recall": 0.12299465240641712
      },
      "calib_iso_best_f1": {
        "precision": 0.15229591836734693,
        "recall": 0.31553911205074,
        "f1": 0.20543702684101856,
        "predicted_positive_rate": 0.10845506861443116,
        "tp": 597.0,
        "fp": 3323.0,
        "fn": 1295.0,
        "threshold": 0.10497237569060773
      },
      "test_iso_at_best_f1": {
        "precision": 0.16240458015267176,
        "recall": 0.3033868092691622,
        "f1": 0.21155997513983843,
        "predicted_positive_rate": 0.09534206695778748,
        "tp": 851.0,
        "fp": 4389.0,
        "fn": 1954.0,
        "threshold": 0.10497237569060773
      },
      "calib_iso_recall_p70": null,
      "test_iso_recall_p70": null
    },
    {
      "model": "xgboost_global",
      "metrics_calib_raw": {
        "samples": 36144.0,
        "positive_rate": 0.052346170872067284,
        "auc": 0.7128489850378948,
        "pr_auc": 0.1296918221120217,
        "logloss": 0.34341006660449513,
        "brier": 0.10839637368917465,
        "top_0_5pct_precision": 0.39226519337016574,
        "top_1pct_precision": 0.3074792243767313,
        "top_2pct_precision": 0.23236514522821577,
        "top_0_5pct_recall": 0.037526427061310784,
        "top_1pct_recall": 0.05866807610993657,
        "top_2pct_recall": 0.08879492600422834
      },
      "metrics_test_raw": {
        "samples": 54960.0,
        "positive_rate": 0.05103711790393013,
        "auc": 0.7363698190861566,
        "pr_auc": 0.1615797141883265,
        "logloss": 0.32747153880361196,
        "brier": 0.10288722813129425,
        "top_0_5pct_precision": 0.5454545454545454,
        "top_1pct_precision": 0.4018181818181818,
        "top_2pct_precision": 0.27934485896269334,
        "top_0_5pct_recall": 0.053475935828877004,
        "top_1pct_recall": 0.07878787878787878,
        "top_2pct_recall": 0.10944741532976827
      },
      "calib_raw_best_f1": {
        "precision": 0.12900165994783022,
        "recall": 0.28752642706131076,
        "f1": 0.17809788836143395,
        "predicted_positive_rate": 0.11667220008853475,
        "tp": 544.0,
        "fp": 3673.0,
        "fn": 1348.0,
        "threshold": 0.5121336181958518
      },
      "test_raw_at_best_f1": {
        "precision": 0.13972153972153972,
        "recall": 0.30409982174688055,
        "f1": 0.1914702581369248,
        "predicted_positive_rate": 0.11108078602620088,
        "tp": 853.0,
        "fp": 5252.0,
        "fn": 1952.0,
        "threshold": 0.5121336181958518
      },
      "calib_raw_recall_p70": null,
      "test_raw_recall_p70": null,
      "metrics_calib_iso": {
        "samples": 36144.0,
        "positive_rate": 0.052346170872067284,
        "auc": 0.7158011359161386,
        "pr_auc": 0.12687322290458983,
        "logloss": 0.18803845646313835,
        "brier": 0.047645844519138336,
        "top_0_5pct_precision": 0.39226519337016574,
        "top_1pct_precision": 0.31024930747922436,
        "top_2pct_precision": 0.2392807745504841,
        "top_0_5pct_recall": 0.037526427061310784,
        "top_1pct_recall": 0.05919661733615222,
        "top_2pct_recall": 0.09143763213530655
      },
      "metrics_test_iso": {
        "samples": 54960.0,
        "positive_rate": 0.05103711790393013,
        "auc": 0.7364753628419061,
        "pr_auc": 0.1518037027599531,
        "logloss": 0.18130608191306802,
        "brier": 0.045826490968465805,
        "top_0_5pct_precision": 0.5418181818181819,
        "top_1pct_precision": 0.39636363636363636,
        "top_2pct_precision": 0.2775250227479527,
        "top_0_5pct_recall": 0.05311942959001782,
        "top_1pct_recall": 0.07771836007130124,
        "top_2pct_recall": 0.10873440285204991
      },
      "calib_iso_best_f1": {
        "precision": 0.13002648687695642,
        "recall": 0.2854122621564482,
        "f1": 0.17866004962779156,
        "predicted_positive_rate": 0.11490150509074812,
        "tp": 540.0,
        "fp": 3613.0,
        "fn": 1352.0,
        "threshold": 0.09401709586381912
      },
      "test_iso_at_best_f1": {
        "precision": 0.14102136181575434,
        "recall": 0.30124777183600715,
        "f1": 0.1921109469137206,
        "predicted_positive_rate": 0.10902474526928675,
        "tp": 845.0,
        "fp": 5147.0,
        "fn": 1960.0,
        "threshold": 0.09401709586381912
      },
      "calib_iso_recall_p70": null,
      "test_iso_recall_p70": null
    },
    {
      "model": "random_forest_global",
      "metrics_calib_raw": {
        "samples": 36144.0,