model,raw_auc,raw_pr_auc,raw_logloss,raw_brier,raw_top_1pct_precision,raw_top_1pct_recall,raw_bestf1_precision,raw_bestf1_recall,raw_bestf1_f1,raw_bestf1_threshold,raw_recall_at_p70,raw_precision_at_p70_threshold,iso_auc,iso_pr_auc,iso_logloss,iso_brier,iso_top_1pct_precision,iso_top_1pct_recall,iso_bestf1_precision,iso_bestf1_recall,iso_bestf1_f1,iso_bestf1_threshold
random_forest_global,0.7774239784025097,0.20774503489737173,0.3578164524048088,0.11122864985468128,0.49636363636363634,0.09732620320855614,0.19930330928091566,0.28556149732620323,0.2347596717467761,0.5433773539038569,,,0.7766427064808024,0.19290846636625433,0.17300521547146344,0.044517243694030435,0.49454545454545457,0.09696969696969697,0.19959929877285248,0.2841354723707665,0.23448072962636068,0.12539184952978055
histgb_global,0.7612460492864491,0.18442764789135124,0.4518986291292223,0.15667887475196088,0.43454545454545457,0.08520499108734403,0.15869017632241814,0.3144385026737968,0.21092909243094585,0.6605686231043504,,,0.760495140718457,0.1694121444051839,0.17715490346227963,0.04527638967216574,0.4309090909090909,0.08449197860962566,0.16240458015267176,0.3033868092691622,0.21155997513983843,0.10497237569060773
xgboost_global,0.7363698190861566,0.1615797141883265,0.32747153880361196,0.10288722813129425,0.4018181818181818,0.07878787878787878,0.13972153972153972,0.30409982174688055,0.1914702581369248,0.5121336181958518,,,0.7364753628419061,0.1518037027599531,0.18130608191306802,0.045826490968465805,0.39636363636363636,0.07771836007130124,0.14102136181575434,0.30124777183600715,0.1921109469137206,0.09401709586381912
